,distance_function,mask,prealign,preprocess,postprocess,postalign,cam,eer
0,hamming_dist,fingerfocus,id,id,id,id,1,0.32914572864321606
1,hamming_dist,fingerfocus,id,id,id,id,2,0.3178391959798995
2,hamming_dist,fingerfocus,id,id,id,center_of_mass,1,0.39195979899497485
3,hamming_dist,fingerfocus,id,id,id,center_of_mass,2,0.3630653266331658
4,hamming_dist,fingerfocus,id,id,id,miura_matching,1,0.2550251256281407
5,hamming_dist,fingerfocus,id,id,id,miura_matching,2,0.24874371859296482
6,hamming_dist,fingerfocus,id,id,skeletonize,id,1,0.2361809045226131
7,hamming_dist,fingerfocus,id,id,skeletonize,id,2,0.21733668341708542
8,hamming_dist,fingerfocus,id,id,skeletonize,center_of_mass,1,0.2889447236180904
9,hamming_dist,fingerfocus,id,id,skeletonize,center_of_mass,2,0.29396984924623115
10,hamming_dist,fingerfocus,id,id,skeletonize,miura_matching,1,0.12562814070351758
11,hamming_dist,fingerfocus,id,id,skeletonize,miura_matching,2,0.1407035175879397
12,hamming_dist,fingerfocus,id,hist_eq,id,id,1,0.2889447236180904
13,hamming_dist,fingerfocus,id,hist_eq,id,id,2,0.271356783919598
14,hamming_dist,fingerfocus,id,hist_eq,id,center_of_mass,1,0.37814070351758794
15,hamming_dist,fingerfocus,id,hist_eq,id,center_of_mass,2,0.34673366834170855
16,hamming_dist,fingerfocus,id,hist_eq,id,miura_matching,1,0.25753768844221103
17,hamming_dist,fingerfocus,id,hist_eq,id,miura_matching,2,0.23366834170854273
18,hamming_dist,fingerfocus,id,hist_eq,skeletonize,id,1,0.1934673366834171
19,hamming_dist,fingerfocus,id,hist_eq,skeletonize,id,2,0.18592964824120603
20,hamming_dist,fingerfocus,id,hist_eq,skeletonize,center_of_mass,1,0.25753768844221103
21,hamming_dist,fingerfocus,id,hist_eq,skeletonize,center_of_mass,2,0.2613065326633166
22,hamming_dist,fingerfocus,id,hist_eq,skeletonize,miura_matching,1,0.11809045226130653
23,hamming_dist,fingerfocus,id,hist_eq,skeletonize,miura_matching,2,0.13693467336683418
24,hamming_dist,fingerfocus,huang_normalization,id,id,id,1,0.3555276381909548
25,hamming_dist,fingerfocus,huang_normalization,id,id,id,2,0.32788944723618085
26,hamming_dist,fingerfocus,huang_normalization,id,id,center_of_mass,1,0.3944723618090452
27,hamming_dist,fingerfocus,huang_normalization,id,id,center_of_mass,2,0.3693467336683417
28,hamming_dist,fingerfocus,huang_normalization,id,id,miura_matching,1,0.2613065326633166
29,hamming_dist,fingerfocus,huang_normalization,id,id,miura_matching,2,0.23743718592964824
30,hamming_dist,fingerfocus,huang_normalization,id,skeletonize,id,1,0.25125628140703515
31,hamming_dist,fingerfocus,huang_normalization,id,skeletonize,id,2,0.2386934673366834
32,hamming_dist,fingerfocus,huang_normalization,id,skeletonize,center_of_mass,1,0.2876884422110553
33,hamming_dist,fingerfocus,huang_normalization,id,skeletonize,center_of_mass,2,0.2876884422110553
34,hamming_dist,fingerfocus,huang_normalization,id,skeletonize,miura_matching,1,0.13693467336683418
35,hamming_dist,fingerfocus,huang_normalization,id,skeletonize,miura_matching,2,0.12311557788944724
36,hamming_dist,fingerfocus,huang_normalization,hist_eq,id,id,1,0.3203517587939699
37,hamming_dist,fingerfocus,huang_normalization,hist_eq,id,id,2,0.2638190954773869
38,hamming_dist,fingerfocus,huang_normalization,hist_eq,id,center_of_mass,1,0.3693467336683417
39,hamming_dist,fingerfocus,huang_normalization,hist_eq,id,center_of_mass,2,0.33542713567839194
40,hamming_dist,fingerfocus,huang_normalization,hist_eq,id,miura_matching,1,0.2851758793969849
41,hamming_dist,fingerfocus,huang_normalization,hist_eq,id,miura_matching,2,0.25125628140703515
42,hamming_dist,fingerfocus,huang_normalization,hist_eq,skeletonize,id,1,0.20979899497487436
43,hamming_dist,fingerfocus,huang_normalization,hist_eq,skeletonize,id,2,0.19472361809045224
44,hamming_dist,fingerfocus,huang_normalization,hist_eq,skeletonize,center_of_mass,1,0.25
45,hamming_dist,fingerfocus,huang_normalization,hist_eq,skeletonize,center_of_mass,2,0.25
46,hamming_dist,fingerfocus,huang_normalization,hist_eq,skeletonize,miura_matching,1,0.1532663316582915
47,hamming_dist,fingerfocus,huang_normalization,hist_eq,skeletonize,miura_matching,2,0.13944723618090452
48,hamming_dist,fingerfocus,huang_fingertip,id,id,id,1,0.3605527638190955
49,hamming_dist,fingerfocus,huang_fingertip,id,id,id,2,0.34547738693467334
50,hamming_dist,fingerfocus,huang_fingertip,id,id,center_of_mass,1,0.4020100502512563
51,hamming_dist,fingerfocus,huang_fingertip,id,id,center_of_mass,2,0.3693467336683417
52,hamming_dist,fingerfocus,huang_fingertip,id,id,miura_matching,1,0.2701005025125628
53,hamming_dist,fingerfocus,huang_fingertip,id,id,miura_matching,2,0.23241206030150754
54,hamming_dist,fingerfocus,huang_fingertip,id,skeletonize,id,1,0.23994974874371855
55,hamming_dist,fingerfocus,huang_fingertip,id,skeletonize,id,2,0.25879396984924624
56,hamming_dist,fingerfocus,huang_fingertip,id,skeletonize,center_of_mass,1,0.2889447236180904
57,hamming_dist,fingerfocus,huang_fingertip,id,skeletonize,center_of_mass,2,0.28015075376884424
58,hamming_dist,fingerfocus,huang_fingertip,id,skeletonize,miura_matching,1,0.135678391959799
59,hamming_dist,fingerfocus,huang_fingertip,id,skeletonize,miura_matching,2,0.12185929648241206
60,hamming_dist,fingerfocus,huang_fingertip,hist_eq,id,id,1,0.33291457286432163
61,hamming_dist,fingerfocus,huang_fingertip,hist_eq,id,id,2,0.3015075376884422
62,hamming_dist,fingerfocus,huang_fingertip,hist_eq,id,center_of_mass,1,0.3756281407035176
63,hamming_dist,fingerfocus,huang_fingertip,hist_eq,id,center_of_mass,2,0.34045226130653267
64,hamming_dist,fingerfocus,huang_fingertip,hist_eq,id,miura_matching,1,0.2876884422110553
65,hamming_dist,fingerfocus,huang_fingertip,hist_eq,id,miura_matching,2,0.25
66,hamming_dist,fingerfocus,huang_fingertip,hist_eq,skeletonize,id,1,0.20477386934673367
67,hamming_dist,fingerfocus,huang_fingertip,hist_eq,skeletonize,id,2,0.21733668341708542
68,hamming_dist,fingerfocus,huang_fingertip,hist_eq,skeletonize,center_of_mass,1,0.25
69,hamming_dist,fingerfocus,huang_fingertip,hist_eq,skeletonize,center_of_mass,2,0.2562814070351759
70,hamming_dist,fingerfocus,huang_fingertip,hist_eq,skeletonize,miura_matching,1,0.1620603015075377
71,hamming_dist,fingerfocus,huang_fingertip,hist_eq,skeletonize,miura_matching,2,0.13693467336683418
72,hamming_dist,fingerfocus,translation,id,id,id,1,0.37311557788944727
73,hamming_dist,fingerfocus,translation,id,id,id,2,0.3278894472361809
74,hamming_dist,fingerfocus,translation,id,id,center_of_mass,1,0.4007537688442211
75,hamming_dist,fingerfocus,translation,id,id,center_of_mass,2,0.371859296482412
76,hamming_dist,fingerfocus,translation,id,id,miura_matching,1,0.29145728643216084
77,hamming_dist,fingerfocus,translation,id,id,miura_matching,2,0.25125628140703515
78,hamming_dist,fingerfocus,translation,id,skeletonize,id,1,0.26005025125628145
79,hamming_dist,fingerfocus,translation,id,skeletonize,id,2,0.23115577889447236
80,hamming_dist,fingerfocus,translation,id,skeletonize,center_of_mass,1,0.29396984924623115
81,hamming_dist,fingerfocus,translation,id,skeletonize,center_of_mass,2,0.27261306532663315
82,hamming_dist,fingerfocus,translation,id,skeletonize,miura_matching,1,0.14824120603015076
83,hamming_dist,fingerfocus,translation,id,skeletonize,miura_matching,2,0.13316582914572864
84,hamming_dist,fingerfocus,translation,hist_eq,id,id,1,0.3492462311557789
85,hamming_dist,fingerfocus,translation,hist_eq,id,id,2,0.292713567839196
86,hamming_dist,fingerfocus,translation,hist_eq,id,center_of_mass,1,0.36683417085427134
87,hamming_dist,fingerfocus,translation,hist_eq,id,center_of_mass,2,0.3467336683417085
88,hamming_dist,fingerfocus,translation,hist_eq,id,miura_matching,1,0.32663316582914576
89,hamming_dist,fingerfocus,translation,hist_eq,id,miura_matching,2,0.27638190954773867
90,hamming_dist,fingerfocus,translation,hist_eq,skeletonize,id,1,0.20979899497487436
91,hamming_dist,fingerfocus,translation,hist_eq,skeletonize,id,2,0.20477386934673367
92,hamming_dist,fingerfocus,translation,hist_eq,skeletonize,center_of_mass,1,0.2550251256281407
93,hamming_dist,fingerfocus,translation,hist_eq,skeletonize,center_of_mass,2,0.24246231155778894
94,hamming_dist,fingerfocus,translation,hist_eq,skeletonize,miura_matching,1,0.18090452261306533
95,hamming_dist,fingerfocus,translation,hist_eq,skeletonize,miura_matching,2,0.17587939698492464
96,hamming_dist,edge,id,id,id,id,1,0.3831658291457286
97,hamming_dist,edge,id,id,id,id,2,0.3806532663316583
98,hamming_dist,edge,id,id,id,center_of_mass,1,0.35050251256281406
99,hamming_dist,edge,id,id,id,center_of_mass,2,0.3592964824120603
100,hamming_dist,edge,id,id,id,miura_matching,1,0.27386934673366836
101,hamming_dist,edge,id,id,id,miura_matching,2,0.21482412060301503
102,hamming_dist,edge,id,id,skeletonize,id,1,0.27638190954773867
103,hamming_dist,edge,id,id,skeletonize,id,2,0.27638190954773867
104,hamming_dist,edge,id,id,skeletonize,center_of_mass,1,0.21608040201005024
105,hamming_dist,edge,id,id,skeletonize,center_of_mass,2,0.25879396984924624
106,hamming_dist,edge,id,id,skeletonize,miura_matching,1,0.12311557788944724
107,hamming_dist,edge,id,id,skeletonize,miura_matching,2,0.11557788944723618
108,hamming_dist,edge,id,hist_eq,id,id,1,0.3668341708542714
109,hamming_dist,edge,id,hist_eq,id,id,2,0.3442211055276382
110,hamming_dist,edge,id,hist_eq,id,center_of_mass,1,0.3442211055276382
111,hamming_dist,edge,id,hist_eq,id,center_of_mass,2,0.3454773869346734
112,hamming_dist,edge,id,hist_eq,id,miura_matching,1,0.24748743718592964
113,hamming_dist,edge,id,hist_eq,id,miura_matching,2,0.21608040201005024
114,hamming_dist,edge,id,hist_eq,skeletonize,id,1,0.2537688442211055
115,hamming_dist,edge,id,hist_eq,skeletonize,id,2,0.24120603015075376
116,hamming_dist,edge,id,hist_eq,skeletonize,center_of_mass,1,0.20979899497487436
117,hamming_dist,edge,id,hist_eq,skeletonize,center_of_mass,2,0.22738693467336685
118,hamming_dist,edge,id,hist_eq,skeletonize,miura_matching,1,0.12688442211055276
119,hamming_dist,edge,id,hist_eq,skeletonize,miura_matching,2,0.11683417085427136
120,hamming_dist,edge,huang_normalization,id,id,id,1,0.335427135678392
121,hamming_dist,edge,huang_normalization,id,id,id,2,0.3479899497487437
122,hamming_dist,edge,huang_normalization,id,id,center_of_mass,1,0.3492462311557789
123,hamming_dist,edge,huang_normalization,id,id,center_of_mass,2,0.36683417085427134
124,hamming_dist,edge,huang_normalization,id,id,miura_matching,1,0.26633165829145733
125,hamming_dist,edge,huang_normalization,id,id,miura_matching,2,0.19974874371859297
126,hamming_dist,edge,huang_normalization,id,skeletonize,id,1,0.20477386934673367
127,hamming_dist,edge,huang_normalization,id,skeletonize,id,2,0.22487437185929648
128,hamming_dist,edge,huang_normalization,id,skeletonize,center_of_mass,1,0.22864321608040206
129,hamming_dist,edge,huang_normalization,id,skeletonize,center_of_mass,2,0.2550251256281407
130,hamming_dist,edge,huang_normalization,id,skeletonize,miura_matching,1,0.12060301507537685
131,hamming_dist,edge,huang_normalization,id,skeletonize,miura_matching,2,0.10175879396984924
132,hamming_dist,edge,huang_normalization,hist_eq,id,id,1,0.32788944723618085
133,hamming_dist,edge,huang_normalization,hist_eq,id,id,2,0.30778894472361806
134,hamming_dist,edge,huang_normalization,hist_eq,id,center_of_mass,1,0.3391959798994975
135,hamming_dist,edge,huang_normalization,hist_eq,id,center_of_mass,2,0.33919597989949746
136,hamming_dist,edge,huang_normalization,hist_eq,id,miura_matching,1,0.27386934673366836
137,hamming_dist,edge,huang_normalization,hist_eq,id,miura_matching,2,0.24623115577889443
138,hamming_dist,edge,huang_normalization,hist_eq,skeletonize,id,1,0.19974874371859297
139,hamming_dist,edge,huang_normalization,hist_eq,skeletonize,id,2,0.20351758793969849
140,hamming_dist,edge,huang_normalization,hist_eq,skeletonize,center_of_mass,1,0.22236180904522612
141,hamming_dist,edge,huang_normalization,hist_eq,skeletonize,center_of_mass,2,0.24120603015075376
142,hamming_dist,edge,huang_normalization,hist_eq,skeletonize,miura_matching,1,0.13567839195979903
143,hamming_dist,edge,huang_normalization,hist_eq,skeletonize,miura_matching,2,0.12060301507537685
144,hamming_dist,edge,huang_fingertip,id,id,id,1,0.33919597989949746
145,hamming_dist,edge,huang_fingertip,id,id,id,2,0.35050251256281406
146,hamming_dist,edge,huang_fingertip,id,id,center_of_mass,1,0.35050251256281406
147,hamming_dist,edge,huang_fingertip,id,id,center_of_mass,2,0.3555276381909548
148,hamming_dist,edge,huang_fingertip,id,id,miura_matching,1,0.2638190954773869
149,hamming_dist,edge,huang_fingertip,id,id,miura_matching,2,0.1871859296482412
150,hamming_dist,edge,huang_fingertip,id,skeletonize,id,1,0.21105527638190955
151,hamming_dist,edge,huang_fingertip,id,skeletonize,id,2,0.22613065326633164
152,hamming_dist,edge,huang_fingertip,id,skeletonize,center_of_mass,1,0.2298994974874372
153,hamming_dist,edge,huang_fingertip,id,skeletonize,center_of_mass,2,0.2550251256281407
154,hamming_dist,edge,huang_fingertip,id,skeletonize,miura_matching,1,0.12185929648241206
155,hamming_dist,edge,huang_fingertip,id,skeletonize,miura_matching,2,0.10175879396984924
156,hamming_dist,edge,huang_fingertip,hist_eq,id,id,1,0.33542713567839194
157,hamming_dist,edge,huang_fingertip,hist_eq,id,id,2,0.31155778894472363
158,hamming_dist,edge,huang_fingertip,hist_eq,id,center_of_mass,1,0.3467336683417085
159,hamming_dist,edge,huang_fingertip,hist_eq,id,center_of_mass,2,0.3391959798994975
160,hamming_dist,edge,huang_fingertip,hist_eq,id,miura_matching,1,0.26884422110552764
161,hamming_dist,edge,huang_fingertip,hist_eq,id,miura_matching,2,0.24120603015075381
162,hamming_dist,edge,huang_fingertip,hist_eq,skeletonize,id,1,0.21105527638190955
163,hamming_dist,edge,huang_fingertip,hist_eq,skeletonize,id,2,0.20100502512562812
164,hamming_dist,edge,huang_fingertip,hist_eq,skeletonize,center_of_mass,1,0.2135678391959799
165,hamming_dist,edge,huang_fingertip,hist_eq,skeletonize,center_of_mass,2,0.23869346733668342
166,hamming_dist,edge,huang_fingertip,hist_eq,skeletonize,miura_matching,1,0.13190954773869346
167,hamming_dist,edge,huang_fingertip,hist_eq,skeletonize,miura_matching,2,0.12562814070351758
168,hamming_dist,edge,translation,id,id,id,1,0.3479899497487437
169,hamming_dist,edge,translation,id,id,id,2,0.3228643216080402
170,hamming_dist,edge,translation,id,id,center_of_mass,1,0.3605527638190955
171,hamming_dist,edge,translation,id,id,center_of_mass,2,0.35050251256281406
172,hamming_dist,edge,translation,id,id,miura_matching,1,0.28266331658291455
173,hamming_dist,edge,translation,id,id,miura_matching,2,0.18844221105527637
174,hamming_dist,edge,translation,id,skeletonize,id,1,0.22738693467336685
175,hamming_dist,edge,translation,id,skeletonize,id,2,0.22236180904522618
176,hamming_dist,edge,translation,id,skeletonize,center_of_mass,1,0.23994974874371855
177,hamming_dist,edge,translation,id,skeletonize,center_of_mass,2,0.2675879396984925
178,hamming_dist,edge,translation,id,skeletonize,miura_matching,1,0.11683417085427136
179,hamming_dist,edge,translation,id,skeletonize,miura_matching,2,0.0942211055276382
180,hamming_dist,edge,translation,hist_eq,id,id,1,0.33668341708542715
181,hamming_dist,edge,translation,hist_eq,id,id,2,0.3027638190954774
182,hamming_dist,edge,translation,hist_eq,id,center_of_mass,1,0.3454773869346734
183,hamming_dist,edge,translation,hist_eq,id,center_of_mass,2,0.34673366834170855
184,hamming_dist,edge,translation,hist_eq,id,miura_matching,1,0.2839195979899497
185,hamming_dist,edge,translation,hist_eq,id,miura_matching,2,0.20979899497487436
186,hamming_dist,edge,translation,hist_eq,skeletonize,id,1,0.22110552763819097
187,hamming_dist,edge,translation,hist_eq,skeletonize,id,2,0.1972361809045226
188,hamming_dist,edge,translation,hist_eq,skeletonize,center_of_mass,1,0.22738693467336685
189,hamming_dist,edge,translation,hist_eq,skeletonize,center_of_mass,2,0.23115577889447236
190,hamming_dist,edge,translation,hist_eq,skeletonize,miura_matching,1,0.1407035175879397
191,hamming_dist,edge,translation,hist_eq,skeletonize,miura_matching,2,0.11809045226130653
192,random_subsampling_dist,fingerfocus,id,id,id,id,1,0.21105527638190955
193,random_subsampling_dist,fingerfocus,id,id,id,id,2,0.20979899497487436
194,random_subsampling_dist,fingerfocus,id,id,id,center_of_mass,1,0.3040201005025126
195,random_subsampling_dist,fingerfocus,id,id,id,center_of_mass,2,0.2864321608040201
196,random_subsampling_dist,fingerfocus,id,id,id,miura_matching,1,0.08417085427135673
197,random_subsampling_dist,fingerfocus,id,id,id,miura_matching,2,0.08668341708542715
198,random_subsampling_dist,fingerfocus,id,id,skeletonize,id,1,0.2022613065326633
199,random_subsampling_dist,fingerfocus,id,id,skeletonize,id,2,0.20100502512562812
200,random_subsampling_dist,fingerfocus,id,id,skeletonize,center_of_mass,1,0.2550251256281407
201,random_subsampling_dist,fingerfocus,id,id,skeletonize,center_of_mass,2,0.26507537688442206
202,random_subsampling_dist,fingerfocus,id,id,skeletonize,miura_matching,1,0.10175879396984924
203,random_subsampling_dist,fingerfocus,id,id,skeletonize,miura_matching,2,0.1080402010050251
204,random_subsampling_dist,fingerfocus,id,hist_eq,id,id,1,0.17713567839195976
205,random_subsampling_dist,fingerfocus,id,hist_eq,id,id,2,0.18341708542713564
206,random_subsampling_dist,fingerfocus,id,hist_eq,id,center_of_mass,1,0.27638190954773867
207,random_subsampling_dist,fingerfocus,id,hist_eq,id,center_of_mass,2,0.29020100502512564
208,random_subsampling_dist,fingerfocus,id,hist_eq,id,miura_matching,1,0.09547738693467336
209,random_subsampling_dist,fingerfocus,id,hist_eq,id,miura_matching,2,0.09673366834170849
210,random_subsampling_dist,fingerfocus,id,hist_eq,skeletonize,id,1,0.1620603015075377
211,random_subsampling_dist,fingerfocus,id,hist_eq,skeletonize,id,2,0.16080402010050251
212,random_subsampling_dist,fingerfocus,id,hist_eq,skeletonize,center_of_mass,1,0.23241206030150754
213,random_subsampling_dist,fingerfocus,id,hist_eq,skeletonize,center_of_mass,2,0.2386934673366834
214,random_subsampling_dist,fingerfocus,id,hist_eq,skeletonize,miura_matching,1,0.07914572864321608
215,random_subsampling_dist,fingerfocus,id,hist_eq,skeletonize,miura_matching,2,0.09798994974874375
216,random_subsampling_dist,fingerfocus,huang_normalization,id,id,id,1,0.23869346733668342
217,random_subsampling_dist,fingerfocus,huang_normalization,id,id,id,2,0.2386934673366834
218,random_subsampling_dist,fingerfocus,huang_normalization,id,id,center_of_mass,1,0.29396984924623115
219,random_subsampling_dist,fingerfocus,huang_normalization,id,id,center_of_mass,2,0.28391959798994976
220,random_subsampling_dist,fingerfocus,huang_normalization,id,id,miura_matching,1,0.10552763819095477
221,random_subsampling_dist,fingerfocus,huang_normalization,id,id,miura_matching,2,0.08919597989949746
222,random_subsampling_dist,fingerfocus,huang_normalization,id,skeletonize,id,1,0.2185929648241206
223,random_subsampling_dist,fingerfocus,huang_normalization,id,skeletonize,id,2,0.207286432160804
224,random_subsampling_dist,fingerfocus,huang_normalization,id,skeletonize,center_of_mass,1,0.25879396984924624
225,random_subsampling_dist,fingerfocus,huang_normalization,id,skeletonize,center_of_mass,2,0.2751256281407035
226,random_subsampling_dist,fingerfocus,huang_normalization,id,skeletonize,miura_matching,1,0.11306532663316583
227,random_subsampling_dist,fingerfocus,huang_normalization,id,skeletonize,miura_matching,2,0.09673366834170849
228,random_subsampling_dist,fingerfocus,huang_normalization,hist_eq,id,id,1,0.2135678391959799
229,random_subsampling_dist,fingerfocus,huang_normalization,hist_eq,id,id,2,0.19974874371859297
230,random_subsampling_dist,fingerfocus,huang_normalization,hist_eq,id,center_of_mass,1,0.28015075376884424
231,random_subsampling_dist,fingerfocus,huang_normalization,hist_eq,id,center_of_mass,2,0.2650753768844221
232,random_subsampling_dist,fingerfocus,huang_normalization,hist_eq,id,miura_matching,1,0.11557788944723618
233,random_subsampling_dist,fingerfocus,huang_normalization,hist_eq,id,miura_matching,2,0.08668341708542714
234,random_subsampling_dist,fingerfocus,huang_normalization,hist_eq,skeletonize,id,1,0.19597989949748743
235,random_subsampling_dist,fingerfocus,huang_normalization,hist_eq,skeletonize,id,2,0.16959798994974873
236,random_subsampling_dist,fingerfocus,huang_normalization,hist_eq,skeletonize,center_of_mass,1,0.23115577889447236
237,random_subsampling_dist,fingerfocus,huang_normalization,hist_eq,skeletonize,center_of_mass,2,0.2399497487437186
238,random_subsampling_dist,fingerfocus,huang_normalization,hist_eq,skeletonize,miura_matching,1,0.12437185929648241
239,random_subsampling_dist,fingerfocus,huang_normalization,hist_eq,skeletonize,miura_matching,2,0.1080402010050251
240,random_subsampling_dist,fingerfocus,huang_fingertip,id,id,id,1,0.2399497487437186
241,random_subsampling_dist,fingerfocus,huang_fingertip,id,id,id,2,0.25753768844221103
242,random_subsampling_dist,fingerfocus,huang_fingertip,id,id,center_of_mass,1,0.29396984924623115
243,random_subsampling_dist,fingerfocus,huang_fingertip,id,id,center_of_mass,2,0.2776381909547739
244,random_subsampling_dist,fingerfocus,huang_fingertip,id,id,miura_matching,1,0.10678391959798995
245,random_subsampling_dist,fingerfocus,huang_fingertip,id,id,miura_matching,2,0.08417085427135679
246,random_subsampling_dist,fingerfocus,huang_fingertip,id,skeletonize,id,1,0.2185929648241206
247,random_subsampling_dist,fingerfocus,huang_fingertip,id,skeletonize,id,2,0.2273869346733668
248,random_subsampling_dist,fingerfocus,huang_fingertip,id,skeletonize,center_of_mass,1,0.26256281407035176
249,random_subsampling_dist,fingerfocus,huang_fingertip,id,skeletonize,center_of_mass,2,0.27386934673366836
250,random_subsampling_dist,fingerfocus,huang_fingertip,id,skeletonize,miura_matching,1,0.11306532663316583
251,random_subsampling_dist,fingerfocus,huang_fingertip,id,skeletonize,miura_matching,2,0.09798994974874371
252,random_subsampling_dist,fingerfocus,huang_fingertip,hist_eq,id,id,1,0.20854271356783916
253,random_subsampling_dist,fingerfocus,huang_fingertip,hist_eq,id,id,2,0.228643216080402
254,random_subsampling_dist,fingerfocus,huang_fingertip,hist_eq,id,center_of_mass,1,0.28266331658291455
255,random_subsampling_dist,fingerfocus,huang_fingertip,hist_eq,id,center_of_mass,2,0.2675879396984925
256,random_subsampling_dist,fingerfocus,huang_fingertip,hist_eq,id,miura_matching,1,0.114321608040201
257,random_subsampling_dist,fingerfocus,huang_fingertip,hist_eq,id,miura_matching,2,0.0829145728643216
258,random_subsampling_dist,fingerfocus,huang_fingertip,hist_eq,skeletonize,id,1,0.1821608040201005
259,random_subsampling_dist,fingerfocus,huang_fingertip,hist_eq,skeletonize,id,2,0.20603015075376885
260,random_subsampling_dist,fingerfocus,huang_fingertip,hist_eq,skeletonize,center_of_mass,1,0.23115577889447236
261,random_subsampling_dist,fingerfocus,huang_fingertip,hist_eq,skeletonize,center_of_mass,2,0.2361809045226131
262,random_subsampling_dist,fingerfocus,huang_fingertip,hist_eq,skeletonize,miura_matching,1,0.12688442211055276
263,random_subsampling_dist,fingerfocus,huang_fingertip,hist_eq,skeletonize,miura_matching,2,0.10804020100502512
264,random_subsampling_dist,fingerfocus,translation,id,id,id,1,0.24748743718592964
265,random_subsampling_dist,fingerfocus,translation,id,id,id,2,0.23241206030150752
266,random_subsampling_dist,fingerfocus,translation,id,id,center_of_mass,1,0.3015075376884422
267,random_subsampling_dist,fingerfocus,translation,id,id,center_of_mass,2,0.27638190954773867
268,random_subsampling_dist,fingerfocus,translation,id,id,miura_matching,1,0.1092964824120603
269,random_subsampling_dist,fingerfocus,translation,id,id,miura_matching,2,0.09673366834170855
270,random_subsampling_dist,fingerfocus,translation,id,skeletonize,id,1,0.23743718592964824
271,random_subsampling_dist,fingerfocus,translation,id,skeletonize,id,2,0.2211055276381909
272,random_subsampling_dist,fingerfocus,translation,id,skeletonize,center_of_mass,1,0.2675879396984925
273,random_subsampling_dist,fingerfocus,translation,id,skeletonize,center_of_mass,2,0.25753768844221103
274,random_subsampling_dist,fingerfocus,translation,id,skeletonize,miura_matching,1,0.128140703517588
275,random_subsampling_dist,fingerfocus,translation,id,skeletonize,miura_matching,2,0.10427135678391959
276,random_subsampling_dist,fingerfocus,translation,hist_eq,id,id,1,0.2298994974874372
277,random_subsampling_dist,fingerfocus,translation,hist_eq,id,id,2,0.20854271356783918
278,random_subsampling_dist,fingerfocus,translation,hist_eq,id,center_of_mass,1,0.2776381909547738
279,random_subsampling_dist,fingerfocus,translation,hist_eq,id,center_of_mass,2,0.2814070351758794
280,random_subsampling_dist,fingerfocus,translation,hist_eq,id,miura_matching,1,0.128140703517588
281,random_subsampling_dist,fingerfocus,translation,hist_eq,id,miura_matching,2,0.11306532663316583
282,random_subsampling_dist,fingerfocus,translation,hist_eq,skeletonize,id,1,0.1984924623115578
283,random_subsampling_dist,fingerfocus,translation,hist_eq,skeletonize,id,2,0.17587939698492464
284,random_subsampling_dist,fingerfocus,translation,hist_eq,skeletonize,center_of_mass,1,0.2273869346733668
285,random_subsampling_dist,fingerfocus,translation,hist_eq,skeletonize,center_of_mass,2,0.23618090452261306
286,random_subsampling_dist,fingerfocus,translation,hist_eq,skeletonize,miura_matching,1,0.14195979899497488
287,random_subsampling_dist,fingerfocus,translation,hist_eq,skeletonize,miura_matching,2,0.13442211055276382
288,random_subsampling_dist,edge,id,id,id,id,1,0.26507537688442206
289,random_subsampling_dist,edge,id,id,id,id,2,0.29396984924623115
290,random_subsampling_dist,edge,id,id,id,center_of_mass,1,0.207286432160804
291,random_subsampling_dist,edge,id,id,id,center_of_mass,2,0.22361809045226133
292,random_subsampling_dist,edge,id,id,id,miura_matching,1,0.09296482412060302
293,random_subsampling_dist,edge,id,id,id,miura_matching,2,0.07412060301507538
294,random_subsampling_dist,edge,id,id,skeletonize,id,1,0.2361809045226131
295,random_subsampling_dist,edge,id,id,skeletonize,id,2,0.2550251256281407
296,random_subsampling_dist,edge,id,id,skeletonize,center_of_mass,1,0.18969849246231155
297,random_subsampling_dist,edge,id,id,skeletonize,center_of_mass,2,0.228643216080402
298,random_subsampling_dist,edge,id,id,skeletonize,miura_matching,1,0.10678391959798994
299,random_subsampling_dist,edge,id,id,skeletonize,miura_matching,2,0.0942211055276382
300,random_subsampling_dist,edge,id,hist_eq,id,id,1,0.2600502512562814
301,random_subsampling_dist,edge,id,hist_eq,id,id,2,0.2776381909547739
302,random_subsampling_dist,edge,id,hist_eq,id,center_of_mass,1,0.20351758793969849
303,random_subsampling_dist,edge,id,hist_eq,id,center_of_mass,2,0.22738693467336685
304,random_subsampling_dist,edge,id,hist_eq,id,miura_matching,1,0.10175879396984924
305,random_subsampling_dist,edge,id,hist_eq,id,miura_matching,2,0.09296482412060302
306,random_subsampling_dist,edge,id,hist_eq,skeletonize,id,1,0.22236180904522618
307,random_subsampling_dist,edge,id,hist_eq,skeletonize,id,2,0.21608040201005024
308,random_subsampling_dist,edge,id,hist_eq,skeletonize,center_of_mass,1,0.1670854271356784
309,random_subsampling_dist,edge,id,hist_eq,skeletonize,center_of_mass,2,0.18216080402010051
310,random_subsampling_dist,edge,id,hist_eq,skeletonize,miura_matching,1,0.09170854271356783
311,random_subsampling_dist,edge,id,hist_eq,skeletonize,miura_matching,2,0.09296482412060302
312,random_subsampling_dist,edge,huang_normalization,id,id,id,1,0.19597989949748743
313,random_subsampling_dist,edge,huang_normalization,id,id,id,2,0.21482412060301506
314,random_subsampling_dist,edge,huang_normalization,id,id,center_of_mass,1,0.21105527638190955
315,random_subsampling_dist,edge,huang_normalization,id,id,center_of_mass,2,0.22613065326633167
316,random_subsampling_dist,edge,huang_normalization,id,id,miura_matching,1,0.08668341708542714
317,random_subsampling_dist,edge,huang_normalization,id,id,miura_matching,2,0.07035175879396985
318,random_subsampling_dist,edge,huang_normalization,id,skeletonize,id,1,0.16959798994974876
319,random_subsampling_dist,edge,huang_normalization,id,skeletonize,id,2,0.19095477386934673
320,random_subsampling_dist,edge,huang_normalization,id,skeletonize,center_of_mass,1,0.19095477386934673
321,random_subsampling_dist,edge,huang_normalization,id,skeletonize,center_of_mass,2,0.23366834170854273
322,random_subsampling_dist,edge,huang_normalization,id,skeletonize,miura_matching,1,0.09170854271356788
323,random_subsampling_dist,edge,huang_normalization,id,skeletonize,miura_matching,2,0.08542713567839195
324,random_subsampling_dist,edge,huang_normalization,hist_eq,id,id,1,0.19095477386934678
325,random_subsampling_dist,edge,huang_normalization,hist_eq,id,id,2,0.19974874371859297
326,random_subsampling_dist,edge,huang_normalization,hist_eq,id,center_of_mass,1,0.19849246231155782
327,random_subsampling_dist,edge,huang_normalization,hist_eq,id,center_of_mass,2,0.22236180904522612
328,random_subsampling_dist,edge,huang_normalization,hist_eq,id,miura_matching,1,0.09422110552763818
329,random_subsampling_dist,edge,huang_normalization,hist_eq,id,miura_matching,2,0.08417085427135679
330,random_subsampling_dist,edge,huang_normalization,hist_eq,skeletonize,id,1,0.1620603015075377
331,random_subsampling_dist,edge,huang_normalization,hist_eq,skeletonize,id,2,0.16080402010050251
332,random_subsampling_dist,edge,huang_normalization,hist_eq,skeletonize,center_of_mass,1,0.16331658291457285
333,random_subsampling_dist,edge,huang_normalization,hist_eq,skeletonize,center_of_mass,2,0.1871859296482412
334,random_subsampling_dist,edge,huang_normalization,hist_eq,skeletonize,miura_matching,1,0.11180904522613067
335,random_subsampling_dist,edge,huang_normalization,hist_eq,skeletonize,miura_matching,2,0.09673366834170855
336,random_subsampling_dist,edge,huang_fingertip,id,id,id,1,0.20477386934673367
337,random_subsampling_dist,edge,huang_fingertip,id,id,id,2,0.22487437185929648
338,random_subsampling_dist,edge,huang_fingertip,id,id,center_of_mass,1,0.21105527638190957
339,random_subsampling_dist,edge,huang_fingertip,id,id,center_of_mass,2,0.22864321608040206
340,random_subsampling_dist,edge,huang_fingertip,id,id,miura_matching,1,0.085427135678392
341,random_subsampling_dist,edge,huang_fingertip,id,id,miura_matching,2,0.06407035175879394
342,random_subsampling_dist,edge,huang_fingertip,id,skeletonize,id,1,0.17462311557788945
343,random_subsampling_dist,edge,huang_fingertip,id,skeletonize,id,2,0.1934673366834171
344,random_subsampling_dist,edge,huang_fingertip,id,skeletonize,center_of_mass,1,0.19472361809045224
345,random_subsampling_dist,edge,huang_fingertip,id,skeletonize,center_of_mass,2,0.23366834170854273
346,random_subsampling_dist,edge,huang_fingertip,id,skeletonize,miura_matching,1,0.09170854271356783
347,random_subsampling_dist,edge,huang_fingertip,id,skeletonize,miura_matching,2,0.08417085427135679
348,random_subsampling_dist,edge,huang_fingertip,hist_eq,id,id,1,0.2022613065326633
349,random_subsampling_dist,edge,huang_fingertip,hist_eq,id,id,2,0.20603015075376885
350,random_subsampling_dist,edge,huang_fingertip,hist_eq,id,center_of_mass,1,0.19723618090452266
351,random_subsampling_dist,edge,huang_fingertip,hist_eq,id,center_of_mass,2,0.2236180904522613
352,random_subsampling_dist,edge,huang_fingertip,hist_eq,id,miura_matching,1,0.09296482412060303
353,random_subsampling_dist,edge,huang_fingertip,hist_eq,id,miura_matching,2,0.0829145728643216
354,random_subsampling_dist,edge,huang_fingertip,hist_eq,skeletonize,id,1,0.17336683417085427
355,random_subsampling_dist,edge,huang_fingertip,hist_eq,skeletonize,id,2,0.1771356783919598
356,random_subsampling_dist,edge,huang_fingertip,hist_eq,skeletonize,center_of_mass,1,0.16959798994974876
357,random_subsampling_dist,edge,huang_fingertip,hist_eq,skeletonize,center_of_mass,2,0.1871859296482412
358,random_subsampling_dist,edge,huang_fingertip,hist_eq,skeletonize,miura_matching,1,0.1080402010050251
359,random_subsampling_dist,edge,huang_fingertip,hist_eq,skeletonize,miura_matching,2,0.09798994974874371
360,random_subsampling_dist,edge,translation,id,id,id,1,0.21733668341708542
361,random_subsampling_dist,edge,translation,id,id,id,2,0.20728643216080403
362,random_subsampling_dist,edge,translation,id,id,center_of_mass,1,0.20979899497487442
363,random_subsampling_dist,edge,translation,id,id,center_of_mass,2,0.2525125628140703
364,random_subsampling_dist,edge,translation,id,id,miura_matching,1,0.0829145728643216
365,random_subsampling_dist,edge,translation,id,id,miura_matching,2,0.06407035175879397
366,random_subsampling_dist,edge,translation,id,skeletonize,id,1,0.18592964824120606
367,random_subsampling_dist,edge,translation,id,skeletonize,id,2,0.18592964824120603
368,random_subsampling_dist,edge,translation,id,skeletonize,center_of_mass,1,0.1922110552763819
369,random_subsampling_dist,edge,translation,id,skeletonize,center_of_mass,2,0.23115577889447236
370,random_subsampling_dist,edge,translation,id,skeletonize,miura_matching,1,0.08919597989949749
371,random_subsampling_dist,edge,translation,id,skeletonize,miura_matching,2,0.07537688442211055
372,random_subsampling_dist,edge,translation,hist_eq,id,id,1,0.21482412060301506
373,random_subsampling_dist,edge,translation,hist_eq,id,id,2,0.20351758793969849
374,random_subsampling_dist,edge,translation,hist_eq,id,center_of_mass,1,0.20477386934673367
375,random_subsampling_dist,edge,translation,hist_eq,id,center_of_mass,2,0.22864321608040206
376,random_subsampling_dist,edge,translation,hist_eq,id,miura_matching,1,0.09296482412060302
377,random_subsampling_dist,edge,translation,hist_eq,id,miura_matching,2,0.07286432160804024
378,random_subsampling_dist,edge,translation,hist_eq,skeletonize,id,1,0.1708542713567839
379,random_subsampling_dist,edge,translation,hist_eq,skeletonize,id,2,0.1658291457286432
380,random_subsampling_dist,edge,translation,hist_eq,skeletonize,center_of_mass,1,0.17587939698492464
381,random_subsampling_dist,edge,translation,hist_eq,skeletonize,center_of_mass,2,0.1972361809045226
382,random_subsampling_dist,edge,translation,hist_eq,skeletonize,miura_matching,1,0.11180904522613065
383,random_subsampling_dist,edge,translation,hist_eq,skeletonize,miura_matching,2,0.09673366834170849
384,skeleton_hd,fingerfocus,id,id,id,id,1,0.2675879396984925
385,skeleton_hd,fingerfocus,id,id,id,id,2,0.23241206030150754
386,skeleton_hd,fingerfocus,id,id,id,center_of_mass,1,0.5640703517587939
387,skeleton_hd,fingerfocus,id,id,id,center_of_mass,2,0.5552763819095478
388,skeleton_hd,fingerfocus,id,id,id,miura_matching,1,0.17964824120603015
389,skeleton_hd,fingerfocus,id,id,id,miura_matching,2,0.15452261306532666
390,skeleton_hd,fingerfocus,id,id,skeletonize,id,1,0.24623115577889443
391,skeleton_hd,fingerfocus,id,id,skeletonize,id,2,0.21231155778894473
392,skeleton_hd,fingerfocus,id,id,skeletonize,center_of_mass,1,0.28391959798994976
393,skeleton_hd,fingerfocus,id,id,skeletonize,center_of_mass,2,0.25753768844221103
394,skeleton_hd,fingerfocus,id,id,skeletonize,miura_matching,1,0.08793969849246232
395,skeleton_hd,fingerfocus,id,id,skeletonize,miura_matching,2,0.06407035175879397
396,skeleton_hd,fingerfocus,id,hist_eq,id,id,1,0.25879396984924624
397,skeleton_hd,fingerfocus,id,hist_eq,id,id,2,0.23241206030150754
398,skeleton_hd,fingerfocus,id,hist_eq,id,center_of_mass,1,0.5452261306532663
399,skeleton_hd,fingerfocus,id,hist_eq,id,center_of_mass,2,0.5050251256281407
400,skeleton_hd,fingerfocus,id,hist_eq,id,miura_matching,1,0.14949748743718594
401,skeleton_hd,fingerfocus,id,hist_eq,id,miura_matching,2,0.1507537688442211
402,skeleton_hd,fingerfocus,id,hist_eq,skeletonize,id,1,0.2399497487437186
403,skeleton_hd,fingerfocus,id,hist_eq,skeletonize,id,2,0.20100502512562815
404,skeleton_hd,fingerfocus,id,hist_eq,skeletonize,center_of_mass,1,0.2663316582914573
405,skeleton_hd,fingerfocus,id,hist_eq,skeletonize,center_of_mass,2,0.24874371859296482
406,skeleton_hd,fingerfocus,id,hist_eq,skeletonize,miura_matching,1,0.10050251256281406
407,skeleton_hd,fingerfocus,id,hist_eq,skeletonize,miura_matching,2,0.07663316582914573
408,skeleton_hd,fingerfocus,huang_normalization,id,id,id,1,0.38944723618090454
409,skeleton_hd,fingerfocus,huang_normalization,id,id,id,2,0.3655778894472362
410,skeleton_hd,fingerfocus,huang_normalization,id,id,center_of_mass,1,0.5603015075376885
411,skeleton_hd,fingerfocus,huang_normalization,id,id,center_of_mass,2,0.550251256281407
412,skeleton_hd,fingerfocus,huang_normalization,id,id,miura_matching,1,0.20351758793969854
413,skeleton_hd,fingerfocus,huang_normalization,id,id,miura_matching,2,0.18090452261306533
414,skeleton_hd,fingerfocus,huang_normalization,id,skeletonize,id,1,0.27638190954773867
415,skeleton_hd,fingerfocus,huang_normalization,id,skeletonize,id,2,0.20979899497487436
416,skeleton_hd,fingerfocus,huang_normalization,id,skeletonize,center_of_mass,1,0.3027638190954774
417,skeleton_hd,fingerfocus,huang_normalization,id,skeletonize,center_of_mass,2,0.27135678391959794
418,skeleton_hd,fingerfocus,huang_normalization,id,skeletonize,miura_matching,1,0.10804020100502512
419,skeleton_hd,fingerfocus,huang_normalization,id,skeletonize,miura_matching,2,0.07035175879396982
420,skeleton_hd,fingerfocus,huang_normalization,hist_eq,id,id,1,0.31532663316582915
421,skeleton_hd,fingerfocus,huang_normalization,hist_eq,id,id,2,0.2876884422110553
422,skeleton_hd,fingerfocus,huang_normalization,hist_eq,id,center_of_mass,1,0.49246231155778897
423,skeleton_hd,fingerfocus,huang_normalization,hist_eq,id,center_of_mass,2,0.5062814070351759
424,skeleton_hd,fingerfocus,huang_normalization,hist_eq,id,miura_matching,1,0.15201005025125625
425,skeleton_hd,fingerfocus,huang_normalization,hist_eq,id,miura_matching,2,0.12814070351758794
426,skeleton_hd,fingerfocus,huang_normalization,hist_eq,skeletonize,id,1,0.2562814070351759
427,skeleton_hd,fingerfocus,huang_normalization,hist_eq,skeletonize,id,2,0.19095477386934673
428,skeleton_hd,fingerfocus,huang_normalization,hist_eq,skeletonize,center_of_mass,1,0.2726130653266332
429,skeleton_hd,fingerfocus,huang_normalization,hist_eq,skeletonize,center_of_mass,2,0.25376884422110557
430,skeleton_hd,fingerfocus,huang_normalization,hist_eq,skeletonize,miura_matching,1,0.09547738693467336
431,skeleton_hd,fingerfocus,huang_normalization,hist_eq,skeletonize,miura_matching,2,0.07286432160804024
432,skeleton_hd,fingerfocus,huang_fingertip,id,id,id,1,0.42462311557788945
433,skeleton_hd,fingerfocus,huang_fingertip,id,id,id,2,0.4108040201005025
434,skeleton_hd,fingerfocus,huang_fingertip,id,id,center_of_mass,1,0.5603015075376885
435,skeleton_hd,fingerfocus,huang_fingertip,id,id,center_of_mass,2,0.550251256281407
436,skeleton_hd,fingerfocus,huang_fingertip,id,id,miura_matching,1,0.1934673366834171
437,skeleton_hd,fingerfocus,huang_fingertip,id,id,miura_matching,2,0.17964824120603015
438,skeleton_hd,fingerfocus,huang_fingertip,id,skeletonize,id,1,0.27638190954773867
439,skeleton_hd,fingerfocus,huang_fingertip,id,skeletonize,id,2,0.22236180904522618
440,skeleton_hd,fingerfocus,huang_fingertip,id,skeletonize,center_of_mass,1,0.30025125628140703
441,skeleton_hd,fingerfocus,huang_fingertip,id,skeletonize,center_of_mass,2,0.27638190954773867
442,skeleton_hd,fingerfocus,huang_fingertip,id,skeletonize,miura_matching,1,0.10427135678391959
443,skeleton_hd,fingerfocus,huang_fingertip,id,skeletonize,miura_matching,2,0.0678391959798995
444,skeleton_hd,fingerfocus,huang_fingertip,hist_eq,id,id,1,0.3693467336683417
445,skeleton_hd,fingerfocus,huang_fingertip,hist_eq,id,id,2,0.32914572864321606
446,skeleton_hd,fingerfocus,huang_fingertip,hist_eq,id,center_of_mass,1,0.49246231155778897
447,skeleton_hd,fingerfocus,huang_fingertip,hist_eq,id,center_of_mass,2,0.5062814070351759
448,skeleton_hd,fingerfocus,huang_fingertip,hist_eq,id,miura_matching,1,0.15452261306532664
449,skeleton_hd,fingerfocus,huang_fingertip,hist_eq,id,miura_matching,2,0.1306532663316583
450,skeleton_hd,fingerfocus,huang_fingertip,hist_eq,skeletonize,id,1,0.2587939698492462
451,skeleton_hd,fingerfocus,huang_fingertip,hist_eq,skeletonize,id,2,0.2198492462311558
452,skeleton_hd,fingerfocus,huang_fingertip,hist_eq,skeletonize,center_of_mass,1,0.2751256281407035
453,skeleton_hd,fingerfocus,huang_fingertip,hist_eq,skeletonize,center_of_mass,2,0.25251256281407036
454,skeleton_hd,fingerfocus,huang_fingertip,hist_eq,skeletonize,miura_matching,1,0.0942211055276382
455,skeleton_hd,fingerfocus,huang_fingertip,hist_eq,skeletonize,miura_matching,2,0.06532663316582915
456,skeleton_hd,fingerfocus,translation,id,id,id,1,0.435929648241206
457,skeleton_hd,fingerfocus,translation,id,id,id,2,0.4434673366834171
458,skeleton_hd,fingerfocus,translation,id,id,center_of_mass,1,0.5753768844221105
459,skeleton_hd,fingerfocus,translation,id,id,center_of_mass,2,0.5615577889447236
460,skeleton_hd,fingerfocus,translation,id,id,miura_matching,1,0.1984924623115578
461,skeleton_hd,fingerfocus,translation,id,id,miura_matching,2,0.1771356783919598
462,skeleton_hd,fingerfocus,translation,id,skeletonize,id,1,0.27135678391959794
463,skeleton_hd,fingerfocus,translation,id,skeletonize,id,2,0.22738693467336685
464,skeleton_hd,fingerfocus,translation,id,skeletonize,center_of_mass,1,0.27889447236180903
465,skeleton_hd,fingerfocus,translation,id,skeletonize,center_of_mass,2,0.271356783919598
466,skeleton_hd,fingerfocus,translation,id,skeletonize,miura_matching,1,0.10175879396984924
467,skeleton_hd,fingerfocus,translation,id,skeletonize,miura_matching,2,0.0728643216080402
468,skeleton_hd,fingerfocus,translation,hist_eq,id,id,1,0.41331658291457285
469,skeleton_hd,fingerfocus,translation,hist_eq,id,id,2,0.36055276381909546
470,skeleton_hd,fingerfocus,translation,hist_eq,id,center_of_mass,1,0.5489949748743719
471,skeleton_hd,fingerfocus,translation,hist_eq,id,center_of_mass,2,0.5150753768844221
472,skeleton_hd,fingerfocus,translation,hist_eq,id,miura_matching,1,0.17964824120603015
473,skeleton_hd,fingerfocus,translation,hist_eq,id,miura_matching,2,0.15326633165829145
474,skeleton_hd,fingerfocus,translation,hist_eq,skeletonize,id,1,0.26256281407035176
475,skeleton_hd,fingerfocus,translation,hist_eq,skeletonize,id,2,0.20728643216080403
476,skeleton_hd,fingerfocus,translation,hist_eq,skeletonize,center_of_mass,1,0.2701005025125628
477,skeleton_hd,fingerfocus,translation,hist_eq,skeletonize,center_of_mass,2,0.2537688442211055
478,skeleton_hd,fingerfocus,translation,hist_eq,skeletonize,miura_matching,1,0.10552763819095477
479,skeleton_hd,fingerfocus,translation,hist_eq,skeletonize,miura_matching,2,0.08040201005025126
480,skeleton_hd,edge,id,id,id,id,1,0.5050251256281407
481,skeleton_hd,edge,id,id,id,id,2,0.6130653266331658
482,skeleton_hd,edge,id,id,id,center_of_mass,1,0.4899497487437186
483,skeleton_hd,edge,id,id,id,center_of_mass,2,0.5628140703517588
484,skeleton_hd,edge,id,id,id,miura_matching,1,0.18969849246231155
485,skeleton_hd,edge,id,id,id,miura_matching,2,0.14824120603015076
486,skeleton_hd,edge,id,id,skeletonize,id,1,0.26633165829145733
487,skeleton_hd,edge,id,id,skeletonize,id,2,0.24120603015075376
488,skeleton_hd,edge,id,id,skeletonize,center_of_mass,1,0.18969849246231155
489,skeleton_hd,edge,id,id,skeletonize,center_of_mass,2,0.19597989949748743
490,skeleton_hd,edge,id,id,skeletonize,miura_matching,1,0.0678391959798995
491,skeleton_hd,edge,id,id,skeletonize,miura_matching,2,0.0540201005025126
492,skeleton_hd,edge,id,hist_eq,id,id,1,0.4748743718592965
493,skeleton_hd,edge,id,hist_eq,id,id,2,0.3969849246231156
494,skeleton_hd,edge,id,hist_eq,id,center_of_mass,1,0.4158291457286432
495,skeleton_hd,edge,id,hist_eq,id,center_of_mass,2,0.39321608040201006
496,skeleton_hd,edge,id,hist_eq,id,miura_matching,1,0.15326633165829145
497,skeleton_hd,edge,id,hist_eq,id,miura_matching,2,0.13693467336683418
498,skeleton_hd,edge,id,hist_eq,skeletonize,id,1,0.24874371859296485
499,skeleton_hd,edge,id,hist_eq,skeletonize,id,2,0.2236180904522613
500,skeleton_hd,edge,id,hist_eq,skeletonize,center_of_mass,1,0.1821608040201005
501,skeleton_hd,edge,id,hist_eq,skeletonize,center_of_mass,2,0.19095477386934673
502,skeleton_hd,edge,id,hist_eq,skeletonize,miura_matching,1,0.10050251256281408
503,skeleton_hd,edge,id,hist_eq,skeletonize,miura_matching,2,0.0728643216080402
504,skeleton_hd,edge,huang_normalization,id,id,id,1,0.42839195979899497
505,skeleton_hd,edge,huang_normalization,id,id,id,2,0.5025125628140703
506,skeleton_hd,edge,huang_normalization,id,id,center_of_mass,1,0.4623115577889447
507,skeleton_hd,edge,huang_normalization,id,id,center_of_mass,2,0.5314070351758794
508,skeleton_hd,edge,huang_normalization,id,id,miura_matching,1,0.17839195979899497
509,skeleton_hd,edge,huang_normalization,id,id,miura_matching,2,0.1620603015075377
510,skeleton_hd,edge,huang_normalization,id,skeletonize,id,1,0.18090452261306533
511,skeleton_hd,edge,huang_normalization,id,skeletonize,id,2,0.18341708542713567
512,skeleton_hd,edge,huang_normalization,id,skeletonize,center_of_mass,1,0.18341708542713564
513,skeleton_hd,edge,huang_normalization,id,skeletonize,center_of_mass,2,0.20728643216080403
514,skeleton_hd,edge,huang_normalization,id,skeletonize,miura_matching,1,0.06407035175879397
515,skeleton_hd,edge,huang_normalization,id,skeletonize,miura_matching,2,0.05150753768844221
516,skeleton_hd,edge,huang_normalization,hist_eq,id,id,1,0.36180904522613067
517,skeleton_hd,edge,huang_normalization,hist_eq,id,id,2,0.36683417085427134
518,skeleton_hd,edge,huang_normalization,hist_eq,id,center_of_mass,1,0.39321608040201006
519,skeleton_hd,edge,huang_normalization,hist_eq,id,center_of_mass,2,0.39195979899497485
520,skeleton_hd,edge,huang_normalization,hist_eq,id,miura_matching,1,0.1457286432160804
521,skeleton_hd,edge,huang_normalization,hist_eq,id,miura_matching,2,0.10804020100502512
522,skeleton_hd,edge,huang_normalization,hist_eq,skeletonize,id,1,0.1721105527638191
523,skeleton_hd,edge,huang_normalization,hist_eq,skeletonize,id,2,0.17211055276381915
524,skeleton_hd,edge,huang_normalization,hist_eq,skeletonize,center_of_mass,1,0.17211055276381915
525,skeleton_hd,edge,huang_normalization,hist_eq,skeletonize,center_of_mass,2,0.19472361809045227
526,skeleton_hd,edge,huang_normalization,hist_eq,skeletonize,miura_matching,1,0.07035175879396985
527,skeleton_hd,edge,huang_normalization,hist_eq,skeletonize,miura_matching,2,0.05402010050251256
528,skeleton_hd,edge,huang_fingertip,id,id,id,1,0.4484924623115578
529,skeleton_hd,edge,huang_fingertip,id,id,id,2,0.5037688442211056
530,skeleton_hd,edge,huang_fingertip,id,id,center_of_mass,1,0.4623115577889447
531,skeleton_hd,edge,huang_fingertip,id,id,center_of_mass,2,0.5314070351758794
532,skeleton_hd,edge,huang_fingertip,id,id,miura_matching,1,0.1758793969849246
533,skeleton_hd,edge,huang_fingertip,id,id,miura_matching,2,0.14195979899497488
534,skeleton_hd,edge,huang_fingertip,id,skeletonize,id,1,0.18467336683417085
535,skeleton_hd,edge,huang_fingertip,id,skeletonize,id,2,0.1934673366834171
536,skeleton_hd,edge,huang_fingertip,id,skeletonize,center_of_mass,1,0.18216080402010051
537,skeleton_hd,edge,huang_fingertip,id,skeletonize,center_of_mass,2,0.20979899497487436
538,skeleton_hd,edge,huang_fingertip,id,skeletonize,miura_matching,1,0.06532663316582915
539,skeleton_hd,edge,huang_fingertip,id,skeletonize,miura_matching,2,0.05150753768844221
540,skeleton_hd,edge,huang_fingertip,hist_eq,id,id,1,0.3743718592964824
541,skeleton_hd,edge,huang_fingertip,hist_eq,id,id,2,0.37814070351758794
542,skeleton_hd,edge,huang_fingertip,hist_eq,id,center_of_mass,1,0.39321608040201006
543,skeleton_hd,edge,huang_fingertip,hist_eq,id,center_of_mass,2,0.39195979899497485
544,skeleton_hd,edge,huang_fingertip,hist_eq,id,miura_matching,1,0.13944723618090452
545,skeleton_hd,edge,huang_fingertip,hist_eq,id,miura_matching,2,0.11934673366834171
546,skeleton_hd,edge,huang_fingertip,hist_eq,skeletonize,id,1,0.17462311557788945
547,skeleton_hd,edge,huang_fingertip,hist_eq,skeletonize,id,2,0.1771356783919598
548,skeleton_hd,edge,huang_fingertip,hist_eq,skeletonize,center_of_mass,1,0.17587939698492464
549,skeleton_hd,edge,huang_fingertip,hist_eq,skeletonize,center_of_mass,2,0.1922110552763819
550,skeleton_hd,edge,huang_fingertip,hist_eq,skeletonize,miura_matching,1,0.06658291457286432
551,skeleton_hd,edge,huang_fingertip,hist_eq,skeletonize,miura_matching,2,0.05276381909547734
552,skeleton_hd,edge,translation,id,id,id,1,0.49874371859296485
553,skeleton_hd,edge,translation,id,id,id,2,0.5050251256281407
554,skeleton_hd,edge,translation,id,id,center_of_mass,1,0.4798994974874372
555,skeleton_hd,edge,translation,id,id,center_of_mass,2,0.5414572864321608
556,skeleton_hd,edge,translation,id,id,miura_matching,1,0.1658291457286432
557,skeleton_hd,edge,translation,id,id,miura_matching,2,0.13567839195979903
558,skeleton_hd,edge,translation,id,skeletonize,id,1,0.1871859296482412
559,skeleton_hd,edge,translation,id,skeletonize,id,2,0.1934673366834171
560,skeleton_hd,edge,translation,id,skeletonize,center_of_mass,1,0.18592964824120606
561,skeleton_hd,edge,translation,id,skeletonize,center_of_mass,2,0.20854271356783918
562,skeleton_hd,edge,translation,id,skeletonize,miura_matching,1,0.05025125628140703
563,skeleton_hd,edge,translation,id,skeletonize,miura_matching,2,0.042713567839196
564,skeleton_hd,edge,translation,hist_eq,id,id,1,0.4183417085427136
565,skeleton_hd,edge,translation,hist_eq,id,id,2,0.38944723618090454
566,skeleton_hd,edge,translation,hist_eq,id,center_of_mass,1,0.4258793969849246
567,skeleton_hd,edge,translation,hist_eq,id,center_of_mass,2,0.40954773869346733
568,skeleton_hd,edge,translation,hist_eq,id,miura_matching,1,0.11934673366834171
569,skeleton_hd,edge,translation,hist_eq,id,miura_matching,2,0.10552763819095477
570,skeleton_hd,edge,translation,hist_eq,skeletonize,id,1,0.18467336683417085
571,skeleton_hd,edge,translation,hist_eq,skeletonize,id,2,0.1620603015075377
572,skeleton_hd,edge,translation,hist_eq,skeletonize,center_of_mass,1,0.17587939698492464
573,skeleton_hd,edge,translation,hist_eq,skeletonize,center_of_mass,2,0.2022613065326633
574,skeleton_hd,edge,translation,hist_eq,skeletonize,miura_matching,1,0.06658291457286432
575,skeleton_hd,edge,translation,hist_eq,skeletonize,miura_matching,2,0.048994974874371856
576,miura_distance,fingerfocus,id,id,id,id,1,0.20477386934673367
577,miura_distance,fingerfocus,id,id,id,id,2,0.19974874371859297
578,miura_distance,fingerfocus,id,id,id,center_of_mass,1,0.3203517587939699
579,miura_distance,fingerfocus,id,id,id,center_of_mass,2,0.28517587939698497
580,miura_distance,fingerfocus,id,id,id,miura_matching,1,0.06407035175879397
581,miura_distance,fingerfocus,id,id,id,miura_matching,2,0.05527638190954774
582,miura_distance,fingerfocus,id,id,skeletonize,id,1,0.2022613065326633
583,miura_distance,fingerfocus,id,id,skeletonize,id,2,0.17839195979899497
584,miura_distance,fingerfocus,id,id,skeletonize,center_of_mass,1,0.27261306532663315
585,miura_distance,fingerfocus,id,id,skeletonize,center_of_mass,2,0.2562814070351759
586,miura_distance,fingerfocus,id,id,skeletonize,miura_matching,1,0.07160804020100503
587,miura_distance,fingerfocus,id,id,skeletonize,miura_matching,2,0.06658291457286432
588,miura_distance,fingerfocus,id,hist_eq,id,id,1,0.18969849246231155
589,miura_distance,fingerfocus,id,hist_eq,id,id,2,0.1846733668341709
590,miura_distance,fingerfocus,id,hist_eq,id,center_of_mass,1,0.2902010050251256
591,miura_distance,fingerfocus,id,hist_eq,id,center_of_mass,2,0.28391959798994976
592,miura_distance,fingerfocus,id,hist_eq,id,miura_matching,1,0.06407035175879397
593,miura_distance,fingerfocus,id,hist_eq,id,miura_matching,2,0.06783919597989951
594,miura_distance,fingerfocus,id,hist_eq,skeletonize,id,1,0.18216080402010051
595,miura_distance,fingerfocus,id,hist_eq,skeletonize,id,2,0.1532663316582915
596,miura_distance,fingerfocus,id,hist_eq,skeletonize,center_of_mass,1,0.25
597,miura_distance,fingerfocus,id,hist_eq,skeletonize,center_of_mass,2,0.24120603015075376
598,miura_distance,fingerfocus,id,hist_eq,skeletonize,miura_matching,1,0.07914572864321608
599,miura_distance,fingerfocus,id,hist_eq,skeletonize,miura_matching,2,0.0728643216080402
600,miura_distance,fingerfocus,huang_normalization,id,id,id,1,0.24246231155778897
601,miura_distance,fingerfocus,huang_normalization,id,id,id,2,0.21482412060301506
602,miura_distance,fingerfocus,huang_normalization,id,id,center_of_mass,1,0.30778894472361806
603,miura_distance,fingerfocus,huang_normalization,id,id,center_of_mass,2,0.2876884422110553
604,miura_distance,fingerfocus,huang_normalization,id,id,miura_matching,1,0.0728643216080402
605,miura_distance,fingerfocus,huang_normalization,id,id,miura_matching,2,0.056532663316582916
606,miura_distance,fingerfocus,huang_normalization,id,skeletonize,id,1,0.23618090452261306
607,miura_distance,fingerfocus,huang_normalization,id,skeletonize,id,2,0.19095477386934673
608,miura_distance,fingerfocus,huang_normalization,id,skeletonize,center_of_mass,1,0.2751256281407035
609,miura_distance,fingerfocus,huang_normalization,id,skeletonize,center_of_mass,2,0.2663316582914573
610,miura_distance,fingerfocus,huang_normalization,id,skeletonize,miura_matching,1,0.08417085427135679
611,miura_distance,fingerfocus,huang_normalization,id,skeletonize,miura_matching,2,0.06783919597989951
612,miura_distance,fingerfocus,huang_normalization,hist_eq,id,id,1,0.22110552763819097
613,miura_distance,fingerfocus,huang_normalization,hist_eq,id,id,2,0.19597989949748743
614,miura_distance,fingerfocus,huang_normalization,hist_eq,id,center_of_mass,1,0.29396984924623115
615,miura_distance,fingerfocus,huang_normalization,hist_eq,id,center_of_mass,2,0.26884422110552764
616,miura_distance,fingerfocus,huang_normalization,hist_eq,id,miura_matching,1,0.07788944723618091
617,miura_distance,fingerfocus,huang_normalization,hist_eq,id,miura_matching,2,0.056532663316582916
618,miura_distance,fingerfocus,huang_normalization,hist_eq,skeletonize,id,1,0.21608040201005024
619,miura_distance,fingerfocus,huang_normalization,hist_eq,skeletonize,id,2,0.1721105527638191
620,miura_distance,fingerfocus,huang_normalization,hist_eq,skeletonize,center_of_mass,1,0.25251256281407036
621,miura_distance,fingerfocus,huang_normalization,hist_eq,skeletonize,center_of_mass,2,0.2449748743718593
622,miura_distance,fingerfocus,huang_normalization,hist_eq,skeletonize,miura_matching,1,0.09170854271356783
623,miura_distance,fingerfocus,huang_normalization,hist_eq,skeletonize,miura_matching,2,0.08040201005025127
624,miura_distance,fingerfocus,huang_fingertip,id,id,id,1,0.24874371859296482
625,miura_distance,fingerfocus,huang_fingertip,id,id,id,2,0.23743718592964824
626,miura_distance,fingerfocus,huang_fingertip,id,id,center_of_mass,1,0.3065326633165829
627,miura_distance,fingerfocus,huang_fingertip,id,id,center_of_mass,2,0.2889447236180904
628,miura_distance,fingerfocus,huang_fingertip,id,id,miura_matching,1,0.07537688442211055
629,miura_distance,fingerfocus,huang_fingertip,id,id,miura_matching,2,0.052763819095477386
630,miura_distance,fingerfocus,huang_fingertip,id,skeletonize,id,1,0.2386934673366834
631,miura_distance,fingerfocus,huang_fingertip,id,skeletonize,id,2,0.19974874371859297
632,miura_distance,fingerfocus,huang_fingertip,id,skeletonize,center_of_mass,1,0.2814070351758794
633,miura_distance,fingerfocus,huang_fingertip,id,skeletonize,center_of_mass,2,0.26633165829145733
634,miura_distance,fingerfocus,huang_fingertip,id,skeletonize,miura_matching,1,0.08793969849246232
635,miura_distance,fingerfocus,huang_fingertip,id,skeletonize,miura_matching,2,0.07035175879396985
636,miura_distance,fingerfocus,huang_fingertip,hist_eq,id,id,1,0.22613065326633167
637,miura_distance,fingerfocus,huang_fingertip,hist_eq,id,id,2,0.21733668341708545
638,miura_distance,fingerfocus,huang_fingertip,hist_eq,id,center_of_mass,1,0.2952261306532663
639,miura_distance,fingerfocus,huang_fingertip,hist_eq,id,center_of_mass,2,0.27386934673366836
640,miura_distance,fingerfocus,huang_fingertip,hist_eq,id,miura_matching,1,0.07537688442211055
641,miura_distance,fingerfocus,huang_fingertip,hist_eq,id,miura_matching,2,0.05527638190954774
642,miura_distance,fingerfocus,huang_fingertip,hist_eq,skeletonize,id,1,0.20979899497487436
643,miura_distance,fingerfocus,huang_fingertip,hist_eq,skeletonize,id,2,0.18592964824120603
644,miura_distance,fingerfocus,huang_fingertip,hist_eq,skeletonize,center_of_mass,1,0.25376884422110557
645,miura_distance,fingerfocus,huang_fingertip,hist_eq,skeletonize,center_of_mass,2,0.24246231155778894
646,miura_distance,fingerfocus,huang_fingertip,hist_eq,skeletonize,miura_matching,1,0.09170854271356783
647,miura_distance,fingerfocus,huang_fingertip,hist_eq,skeletonize,miura_matching,2,0.08040201005025126
648,miura_distance,fingerfocus,translation,id,id,id,1,0.2600502512562814
649,miura_distance,fingerfocus,translation,id,id,id,2,0.22487437185929648
650,miura_distance,fingerfocus,translation,id,id,center_of_mass,1,0.31155778894472363
651,miura_distance,fingerfocus,translation,id,id,center_of_mass,2,0.2751256281407035
652,miura_distance,fingerfocus,translation,id,id,miura_matching,1,0.0942211055276382
653,miura_distance,fingerfocus,translation,id,id,miura_matching,2,0.059045226130653265
654,miura_distance,fingerfocus,translation,id,skeletonize,id,1,0.25125628140703515
655,miura_distance,fingerfocus,translation,id,skeletonize,id,2,0.20351758793969849
656,miura_distance,fingerfocus,translation,id,skeletonize,center_of_mass,1,0.2613065326633166
657,miura_distance,fingerfocus,translation,id,skeletonize,center_of_mass,2,0.2663316582914573
658,miura_distance,fingerfocus,translation,id,skeletonize,miura_matching,1,0.09798994974874371
659,miura_distance,fingerfocus,translation,id,skeletonize,miura_matching,2,0.07412060301507539
660,miura_distance,fingerfocus,translation,hist_eq,id,id,1,0.2399497487437186
661,miura_distance,fingerfocus,translation,hist_eq,id,id,2,0.20100502512562815
662,miura_distance,fingerfocus,translation,hist_eq,id,center_of_mass,1,0.2889447236180904
663,miura_distance,fingerfocus,translation,hist_eq,id,center_of_mass,2,0.27135678391959794
664,miura_distance,fingerfocus,translation,hist_eq,id,miura_matching,1,0.085427135678392
665,miura_distance,fingerfocus,translation,hist_eq,id,miura_matching,2,0.0728643216080402
666,miura_distance,fingerfocus,translation,hist_eq,skeletonize,id,1,0.23115577889447236
667,miura_distance,fingerfocus,translation,hist_eq,skeletonize,id,2,0.1721105527638191
668,miura_distance,fingerfocus,translation,hist_eq,skeletonize,center_of_mass,1,0.24120603015075376
669,miura_distance,fingerfocus,translation,hist_eq,skeletonize,center_of_mass,2,0.2550251256281407
670,miura_distance,fingerfocus,translation,hist_eq,skeletonize,miura_matching,1,0.10175879396984921
671,miura_distance,fingerfocus,translation,hist_eq,skeletonize,miura_matching,2,0.08417085427135679
672,miura_distance,edge,id,id,id,id,1,0.27889447236180903
673,miura_distance,edge,id,id,id,id,2,0.2889447236180904
674,miura_distance,edge,id,id,id,center_of_mass,1,0.1972361809045226
675,miura_distance,edge,id,id,id,center_of_mass,2,0.22236180904522618
676,miura_distance,edge,id,id,id,miura_matching,1,0.05778894472361809
677,miura_distance,edge,id,id,id,miura_matching,2,0.04648241206030146
678,miura_distance,edge,id,id,skeletonize,id,1,0.24748743718592964
679,miura_distance,edge,id,id,skeletonize,id,2,0.24246231155778894
680,miura_distance,edge,id,id,skeletonize,center_of_mass,1,0.17211055276381915
681,miura_distance,edge,id,id,skeletonize,center_of_mass,2,0.1972361809045226
682,miura_distance,edge,id,id,skeletonize,miura_matching,1,0.06155778894472362
683,miura_distance,edge,id,id,skeletonize,miura_matching,2,0.05527638190954774
684,miura_distance,edge,id,hist_eq,id,id,1,0.25251256281407036
685,miura_distance,edge,id,hist_eq,id,id,2,0.2650753768844221
686,miura_distance,edge,id,hist_eq,id,center_of_mass,1,0.1972361809045226
687,miura_distance,edge,id,hist_eq,id,center_of_mass,2,0.22487437185929648
688,miura_distance,edge,id,hist_eq,id,miura_matching,1,0.06407035175879394
689,miura_distance,edge,id,hist_eq,id,miura_matching,2,0.04773869346733668
690,miura_distance,edge,id,hist_eq,skeletonize,id,1,0.2160804020100503
691,miura_distance,edge,id,hist_eq,skeletonize,id,2,0.20351758793969849
692,miura_distance,edge,id,hist_eq,skeletonize,center_of_mass,1,0.1507537688442211
693,miura_distance,edge,id,hist_eq,skeletonize,center_of_mass,2,0.18090452261306533
694,miura_distance,edge,id,hist_eq,skeletonize,miura_matching,1,0.061557788944723635
695,miura_distance,edge,id,hist_eq,skeletonize,miura_matching,2,0.056532663316582916
696,miura_distance,edge,huang_normalization,id,id,id,1,0.18592964824120603
697,miura_distance,edge,huang_normalization,id,id,id,2,0.2198492462311558
698,miura_distance,edge,huang_normalization,id,id,center_of_mass,1,0.20728643216080403
699,miura_distance,edge,huang_normalization,id,id,center_of_mass,2,0.21608040201005024
700,miura_distance,edge,huang_normalization,id,id,miura_matching,1,0.05025125628140703
701,miura_distance,edge,huang_normalization,id,id,miura_matching,2,0.0414572864321608
702,miura_distance,edge,huang_normalization,id,skeletonize,id,1,0.16708542713567842
703,miura_distance,edge,huang_normalization,id,skeletonize,id,2,0.1708542713567839
704,miura_distance,edge,huang_normalization,id,skeletonize,center_of_mass,1,0.17462311557788945
705,miura_distance,edge,huang_normalization,id,skeletonize,center_of_mass,2,0.20728643216080403
706,miura_distance,edge,huang_normalization,id,skeletonize,miura_matching,1,0.05150753768844221
707,miura_distance,edge,huang_normalization,id,skeletonize,miura_matching,2,0.0414572864321608
708,miura_distance,edge,huang_normalization,hist_eq,id,id,1,0.18090452261306533
709,miura_distance,edge,huang_normalization,hist_eq,id,id,2,0.18969849246231155
710,miura_distance,edge,huang_normalization,hist_eq,id,center_of_mass,1,0.19597989949748743
711,miura_distance,edge,huang_normalization,hist_eq,id,center_of_mass,2,0.2198492462311558
712,miura_distance,edge,huang_normalization,hist_eq,id,miura_matching,1,0.0540201005025126
713,miura_distance,edge,huang_normalization,hist_eq,id,miura_matching,2,0.0540201005025126
714,miura_distance,edge,huang_normalization,hist_eq,skeletonize,id,1,0.14824120603015076
715,miura_distance,edge,huang_normalization,hist_eq,skeletonize,id,2,0.15201005025125627
716,miura_distance,edge,huang_normalization,hist_eq,skeletonize,center_of_mass,1,0.15577889447236182
717,miura_distance,edge,huang_normalization,hist_eq,skeletonize,center_of_mass,2,0.18341708542713567
718,miura_distance,edge,huang_normalization,hist_eq,skeletonize,miura_matching,1,0.052763819095477386
719,miura_distance,edge,huang_normalization,hist_eq,skeletonize,miura_matching,2,0.04648241206030146
720,miura_distance,edge,huang_fingertip,id,id,id,1,0.20226130653266328
721,miura_distance,edge,huang_fingertip,id,id,id,2,0.21608040201005024
722,miura_distance,edge,huang_fingertip,id,id,center_of_mass,1,0.20728643216080403
723,miura_distance,edge,huang_fingertip,id,id,center_of_mass,2,0.21482412060301506
724,miura_distance,edge,huang_fingertip,id,id,miura_matching,1,0.052763819095477386
725,miura_distance,edge,huang_fingertip,id,id,miura_matching,2,0.04396984924623116
726,miura_distance,edge,huang_fingertip,id,skeletonize,id,1,0.16457286432160803
727,miura_distance,edge,huang_fingertip,id,skeletonize,id,2,0.16834170854271358
728,miura_distance,edge,huang_fingertip,id,skeletonize,center_of_mass,1,0.1721105527638191
729,miura_distance,edge,huang_fingertip,id,skeletonize,center_of_mass,2,0.20854271356783918
730,miura_distance,edge,huang_fingertip,id,skeletonize,miura_matching,1,0.052763819095477386
731,miura_distance,edge,huang_fingertip,id,skeletonize,miura_matching,2,0.04271356783919598
732,miura_distance,edge,huang_fingertip,hist_eq,id,id,1,0.1922110552763819
733,miura_distance,edge,huang_fingertip,hist_eq,id,id,2,0.19597989949748743
734,miura_distance,edge,huang_fingertip,hist_eq,id,center_of_mass,1,0.1922110552763819
735,miura_distance,edge,huang_fingertip,hist_eq,id,center_of_mass,2,0.21733668341708542
736,miura_distance,edge,huang_fingertip,hist_eq,id,miura_matching,1,0.05025125628140704
737,miura_distance,edge,huang_fingertip,hist_eq,id,miura_matching,2,0.05025125628140704
738,miura_distance,edge,huang_fingertip,hist_eq,skeletonize,id,1,0.15452261306532666
739,miura_distance,edge,huang_fingertip,hist_eq,skeletonize,id,2,0.1620603015075377
740,miura_distance,edge,huang_fingertip,hist_eq,skeletonize,center_of_mass,1,0.1532663316582915
741,miura_distance,edge,huang_fingertip,hist_eq,skeletonize,center_of_mass,2,0.18090452261306533
742,miura_distance,edge,huang_fingertip,hist_eq,skeletonize,miura_matching,1,0.05150753768844221
743,miura_distance,edge,huang_fingertip,hist_eq,skeletonize,miura_matching,2,0.04648241206030151
744,miura_distance,edge,translation,id,id,id,1,0.21482412060301506
745,miura_distance,edge,translation,id,id,id,2,0.20603015075376885
746,miura_distance,edge,translation,id,id,center_of_mass,1,0.20351758793969849
747,miura_distance,edge,translation,id,id,center_of_mass,2,0.2399497487437186
748,miura_distance,edge,translation,id,id,miura_matching,1,0.0414572864321608
749,miura_distance,edge,translation,id,id,miura_matching,2,0.031407035175879394
750,miura_distance,edge,translation,id,skeletonize,id,1,0.17462311557788945
751,miura_distance,edge,translation,id,skeletonize,id,2,0.17336683417085427
752,miura_distance,edge,translation,id,skeletonize,center_of_mass,1,0.17587939698492464
753,miura_distance,edge,translation,id,skeletonize,center_of_mass,2,0.21105527638190955
754,miura_distance,edge,translation,id,skeletonize,miura_matching,1,0.04648241206030151
755,miura_distance,edge,translation,id,skeletonize,miura_matching,2,0.04020100502512563
756,miura_distance,edge,translation,hist_eq,id,id,1,0.20226130653266328
757,miura_distance,edge,translation,hist_eq,id,id,2,0.19974874371859297
758,miura_distance,edge,translation,hist_eq,id,center_of_mass,1,0.20854271356783918
759,miura_distance,edge,translation,hist_eq,id,center_of_mass,2,0.21733668341708542
760,miura_distance,edge,translation,hist_eq,id,miura_matching,1,0.04648241206030151
761,miura_distance,edge,translation,hist_eq,id,miura_matching,2,0.0364321608040201
762,miura_distance,edge,translation,hist_eq,skeletonize,id,1,0.1620603015075377
763,miura_distance,edge,translation,hist_eq,skeletonize,id,2,0.1507537688442211
764,miura_distance,edge,translation,hist_eq,skeletonize,center_of_mass,1,0.16080402010050251
765,miura_distance,edge,translation,hist_eq,skeletonize,center_of_mass,2,0.18592964824120606
766,miura_distance,edge,translation,hist_eq,skeletonize,miura_matching,1,0.05025125628140704
767,miura_distance,edge,translation,hist_eq,skeletonize,miura_matching,2,0.04396984924623116
